{
  "items": [
    {
      "id": "9999",
      "type": "FALLBACK",
      "recommendation": [
        {
          "id": "61GU",
          "type": "VOD",
          "title": "The Truman Show",
          "startProgram": "2021-12-24T12:00:00Z",
          "endProgram": "2022-12-24T15:00:00Z",
          "branding": "Sky Cinema HD",
          "vodSummaryLong": "Lorem Ipsum is simply dummy text of the printing and typesetting industry. Lorem Ipsum has been the industry\"s standard dummy text ever since the 1500s, when an unknown printer took a galley of type and scrambled it to make a type specimen book. It has survived not only five centuries, but also the leap into electronic typesetting, remaining essentially unchanged. It was popularised in the 1960s with the release of Letraset sheets containing Lorem Ipsum passages, and more recently with desktop publishing software like Aldus PageMaker including versions of Lorem Ipsum.",
          "thumbnailType": "",
          "verticalImageUrl": "",
          "warningMessage": "out of date"
        },
        {
          "id": "61GU2",
          "type": "VOD",
          "title": "La valle incantata",
          "startProgram": "2021-12-24T12:00:00Z",
          "endProgram": "2022-12-24T15:00:00Z",
          "branding": "Sky Cinema HD",
          "vodSummaryLong": "Lorem Ipsum is simply dummy text of the printing and typesetting industry. Lorem Ipsum has been the industry\"s standard dummy text ever since the 1500s, when an unknown printer took a galley of type and scrambled it to make a type specimen book. It has survived not only five centuries, but also the leap into electronic typesetting, remaining essentially unchanged. It was popularised in the 1960s with the release of Letraset sheets containing Lorem Ipsum passages, and more recently with desktop publishing software like Aldus PageMaker including versions of Lorem Ipsum.",
          "thumbnailType": "",
          "verticalImageUrl": "",
          "warningMessage": ""
        },
        {
          "id": "61GU3",
          "type": "VOD",
          "title": "The Truman Show 2",
          "startProgram": "2021-12-24T12:00:00Z",
          "endProgram": "2022-12-24T15:00:00Z",
          "branding": "Sky Cinema HD",
          "vodSummaryLong": "Lorem Ipsum is simply dummy text of the printing and typesetting industry. Lorem Ipsum has been the industry\"s standard dummy text ever since the 1500s, when an unknown printer took a galley of type and scrambled it to make a type specimen book. It has survived not only five centuries, but also the leap into electronic typesetting, remaining essentially unchanged. It was popularised in the 1960s with the release of Letraset sheets containing Lorem Ipsum passages, and more recently with desktop publishing software like Aldus PageMaker including versions of Lorem Ipsum.",
          "thumbnailType": "",
          "verticalImageUrl": "",
          "warningMessage": ""
        },
        {
          "id": "61GU4",
          "type": "VOD",
          "title": "I mercenari",
          "startProgram": "2021-12-24T12:00:00Z",
          "endProgram": "2022-12-24T15:00:00Z",
          "branding": "Sky Cinema HD",
          "vodSummaryLong": "Lorem Ipsum is simply dummy text of the printing and typesetting industry. Lorem Ipsum has been the industry\"s standard dummy text ever since the 1500s, when an unknown printer took a galley of type and scrambled it to make a type specimen book. It has survived not only five centuries, but also the leap into electronic typesetting, remaining essentially unchanged. It was popularised in the 1960s with the release of Letraset sheets containing Lorem Ipsum passages, and more recently with desktop publishing software like Aldus PageMaker including versions of Lorem Ipsum.",
          "thumbnailType": "",
          "verticalImageUrl": "",
          "warningMessage": ""
        },
        {
          "id": "61GU5",
          "type": "VOD",
          "title": "Rogue one",
          "startProgram": "2021-12-24T12:00:00Z",
          "endProgram": "2022-12-24T15:00:00Z",
          "branding": "Sky Cinema HD",
          "vodSummaryLong": "Lorem Ipsum is simply dummy text of the printing and typesetting industry. Lorem Ipsum has been the industry\"s standard dummy text ever since the 1500s, when an unknown printer took a galley of type and scrambled it to make a type specimen book. It has survived not only five centuries, but also the leap into electronic typesetting, remaining essentially unchanged. It was popularised in the 1960s with the release of Letraset sheets containing Lorem Ipsum passages, and more recently with desktop publishing software like Aldus PageMaker including versions of Lorem Ipsum.",
          "thumbnailType": "",
          "verticalImageUrl": "",
          "warningMessage": ""
        },
        {
          "id": "61P1",
          "type": "VOD",
          "title": "Doom",
          "startProgram": "2021-12-24T12:00:00Z",
          "endProgram": "2022-12-24T15:00:00Z",
          "branding": "Sky Cinema HD",
          "vodSummaryLong": "Lorem Ipsum is simply dummy text of the printing and typesetting industry. Lorem Ipsum has been the industry\"s standard dummy text ever since the 1500s, when an unknown printer took a galley of type and scrambled it to make a type specimen book. It has survived not only five centuries, but also the leap into electronic typesetting, remaining essentially unchanged. It was popularised in the 1960s with the release of Letraset sheets containing Lorem Ipsum passages, and more recently with desktop publishing software like Aldus PageMaker including versions of Lorem Ipsum.",
          "thumbnailType": "",
          "verticalImageUrl": "",
          "warningMessage": ""
        },
        {
          "id": "61GP2",
          "type": "VOD",
          "title": "La valle incantata 2",
          "startProgram": "2021-12-24T12:00:00Z",
          "endProgram": "2022-12-24T15:00:00Z",
          "branding": "Sky Cinema HD",
          "vodSummaryLong": "Lorem Ipsum is simply dummy text of the printing and typesetting industry. Lorem Ipsum has been the industry\"s standard dummy text ever since the 1500s, when an unknown printer took a galley of type and scrambled it to make a type specimen book. It has survived not only five centuries, but also the leap into electronic typesetting, remaining essentially unchanged. It was popularised in the 1960s with the release of Letraset sheets containing Lorem Ipsum passages, and more recently with desktop publishing software like Aldus PageMaker including versions of Lorem Ipsum.",
          "thumbnailType": "",
          "verticalImageUrl": "",
          "warningMessage": ""
        },
        {
          "id": "61GP3",
          "type": "VOD",
          "title": "Se mi lasci ti cancello",
          "startProgram": "2021-12-24T12:00:00Z",
          "endProgram": "2022-12-24T15:00:00Z",
          "branding": "Sky Cinema HD",
          "vodSummaryLong": "Lorem Ipsum is simply dummy text of the printing and typesetting industry. Lorem Ipsum has been the industry\"s standard dummy text ever since the 1500s, when an unknown printer took a galley of type and scrambled it to make a type specimen book. It has survived not only five centuries, but also the leap into electronic typesetting, remaining essentially unchanged. It was popularised in the 1960s with the release of Letraset sheets containing Lorem Ipsum passages, and more recently with desktop publishing software like Aldus PageMaker including versions of Lorem Ipsum.",
          "thumbnailType": "",
          "verticalImageUrl": "",
          "warningMessage": ""
        },
        {
          "id": "61GP4",
          "type": "VOD",
          "title": "I mercenari 2",
          "startProgram": "2021-12-24T12:00:00Z",
          "endProgram": "2022-12-24T15:00:00Z",
          "branding": "Sky Cinema HD",
          "vodSummaryLong": "Lorem Ipsum is simply dummy text of the printing and typesetting industry. Lorem Ipsum has been the industry\"s standard dummy text ever since the 1500s, when an unknown printer took a galley of type and scrambled it to make a type specimen book. It has survived not only five centuries, but also the leap into electronic typesetting, remaining essentially unchanged. It was popularised in the 1960s with the release of Letraset sheets containing Lorem Ipsum passages, and more recently with desktop publishing software like Aldus PageMaker including versions of Lorem Ipsum.",
          "thumbnailType": "",
          "verticalImageUrl": "",
          "warningMessage": ""
        },
        {
          "id": "61GP5",
          "type": "VOD",
          "title": "VOD Scaduto",
          "startProgram": "2021-12-24T12:00:00Z",
          "endProgram": "2022-01-14T15:00:00Z",
          "branding": "Sky Cinema HD",
          "vodSummaryLong": "Lorem Ipsum is simply dummy text of the printing and typesetting industry. Lorem Ipsum has been the industry\"s standard dummy text ever since the 1500s, when an unknown printer took a galley of type and scrambled it to make a type specimen book. It has survived not only five centuries, but also the leap into electronic typesetting, remaining essentially unchanged. It was popularised in the 1960s with the release of Letraset sheets containing Lorem Ipsum passages, and more recently with desktop publishing software like Aldus PageMaker including versions of Lorem Ipsum.",
          "thumbnailType": "",
          "verticalImageUrl": "",
          "warningMessage": ""
        }
      ]
    }
  ],
  "status": "",
  "message": ""
}
